name,address
Emerald Green,At 310 West 38th Street
Atelier,At 635 West 42nd Street
Zeckendorf Towers,At 1 Irving Place
Millennium Tower Residences,At 30 West Street
The Visionaire,At 70 Little West Street
The Edge - South Tower,At 22 North 6th Street
301 E 50th Street,
The Laurel,At 400 East 67th Street
DKLB BKLN,At 80 DeKalb Avenue
"Riverhouse, One Rockefeller Park",At 2 River Terrace
One Beacon Court,At 151 East 58th Street
Liberty Luxe,At 200 North End Avenue
Mercedes House,At 550 West 54th Street
Emerald Green,At 310 West 38th Street
The Brompton,At 205 East 85th Street
The Epic,At 125 West 31st Street
The Helena,At 601 West 57th Street
Toren,At 150 Myrtle Avenue
The Solaire,At 20 River Terrace
35XV,At 35 West 15th Street
Gotham West,At 550 West 45th Street
The Larstrand,At 227 W 77th Street
The Easton,At 205 East 92nd Street
The Verdesian,At 211 North End Avenue
100 Eleventh Avenue,
Ohm,At 312 Eleventh Avenue
Emerald Green,At 310 West 38th Street
The Corner,At 200-212 West 72nd Street
The Octagon,At 888 Main Street
303 East 33rd Street,
VIA 57 West,At 625 West 57th Street
The Williamsburg,At 373 Wythe Avenue
4615 Center Boulevard,At 4615 Center Boulevard
160 East 22nd Street,
The Lucida,At 151 East 85th Street
Avalon Fort Greene,At 343 Gold Street
The Edge - North Tower,At 34 North 7th Street
Eleven33,At 1133 Manhattan Avenue
Tribeca Green,At 325 North End Avenue
Emerald Green,At 310 West 38th Street
The Alexander,At 61-55 Junction Boulevard
456 Washington St,At 456 Washington Street
Avalon West Chelsea,At 282 Eleventh Avenue
205 Water Street,
The L Haus,At 11-02 49th Avenue
4540 Center Boulevard,
Instrata Hell&#x27;s Kitchen,At 554 West 54th Street
MiMa,At 450 West 42nd Street
176 Broadway,
Superior Ink Condominiums,At 400 West 12th Street
HL23,At 515 West 23rd Street
Tapestry,At 245 East 124th Street
Emerald Green,At 310 West 38th Street
Liberty Green,At 300 North End Avenue
Arabella 101,At 101 Avenue D
123 Third Avenue,
The Jefferson,At 211 East 13th Street
140 West 12th Street,
Chelsea Green,At 151 West 21st Street
805 Columbus Avenue,
The Bergen,At 316 Bergen Street
199 Mott Street,
456 West 19th Street,
Verde Chelsea,At 125 West 22nd Street
21W20,At 21 West 20th Street
Emerald Green,At 310 West 38th Street
Hawthorn Park,At 160 West 62nd Street
Kalahari,At 40 West 116th Street
Observatory Place,At 353 E. 104th Street
900 West 190th Street,
Third + Bond,At 111 3rd Street
585 Sixth Avenue,
The Knick,At 318 Knickerbocker Avenue
22 Caton Place,
1347 Bristow Street,
150 West 12th Street,
Tribeca TownHomes,At 16 Warren Street
Village Green,At 311 East 11th Street
Emerald Green,At 310 West 38th Street
Brewster Carriage House,At 374 Broome Street
One Jackson Square,At 122 Greenwich Avenue
The Frontier,At 200 East 39th Street
Charing Cross House,At 305 East 72nd Street
Twelve Twelve Fifth Avenue,At 1212 Fifth Avenue
Carnegie Hill Place,At 1500 Lexington Avenue
1510 Lex @ Carnegie Hill Place,At 1510 Lexington Avenue
Lancaster Lexington,At 1885 Lexington Avenue
139 West 126th Street,
Lafayette Gardens,At 330 Haven Avenue
Metropolitan Green,At 439 Metropolitan Avenue
Solarium,At 5-43 48th Avenue
Emerald Green,At 310 West 38th Street
The Lee,At 133 Pitt Street
61 Fifth Avenue,
130 West 12th Street,
The Townhouses on Washington Street,At 705 Washington Street
383 West 12th Street,
The Modern,At 343 West 16th Street
Emerald Green,At 310 West 38th Street
123 West 15th Street,
16 West 21st Street,
57 Irving Place,
300 East 34th Street,
Manhattan View at MiMA,At 460 West 42nd Street
Emerald Green,At 310 West 38th Street
116 West 71st Street,
Harsen House,At 120 West 72nd Street
210 West 96th Street,
1393 York Avenue,
243 East 82nd Street,
Lancaster Madison,At 1820 Madison Avenue
Metropolis,At 51 East 128th Street
417 East 118th Street,
151 West 122nd Street,
364 West 119th Street,
The Capstone,At 461 West 150th Street
348 Sackett Street,
Emerald Green,At 310 West 38th Street
Third + Bond,At 107 3rd Street
The Silhouette Condos,At 272 21st Street
367 Fifth Avenue,
Jade 8,At 186 8th Street
321 Prospect Place,
Atlantic Terrace,At 212 South Oxford Street
40 Vanderbilt Avenue,
Greenbelt Brooklyn,At 361 Manhattan Avenue
The Trillium Condominium,At 233 Devoe Street
135 Prospect Park Southwest,
Bright N&#x27; Green,At 67 Brighton 1 Lane
Via Verde,At 700 Brook Avenue
Emerald Green,At 310 West 38th Street
41-18 Crescent Street,
Packard Square,At 41-34 Crescent Street
Moda,At 153-50 89th Avenue
